"userId","ageGroup","originCountry","fitnessLevel","groupType","preferredTerrain","preferredMood","preferredDifficulty","travelStyle","avoidCrowds","preferredSeason","avoidedHotspot","recommendedDestination","selectedDestination","completedTrail","trailDurationHours","elevationPreference","weatherSensitivity","biodiversityInterest","sustainabilityScore","crowdPressureAvoided","localImpactEuro","rating","wouldRecommend","travelDate"
"PF93810000","18-24","Netherlands","medium","solo","island","quiet","moderate","slow-travel","1","Summer","Santorini","Sifnos","Sifnos","Vathi Bay Coastal Walk","5.6","medium","low","1","87","83","96","4.3","1","2025-08-12"
"PF10851001","45-54","Germany","medium","couple","village","peaceful","hard","weekend-getaway","1","Autumn","Santorini","Sifnos","Sifnos","Profitis Ilias Climb","7.9","low","low","1","84","45","136","3.9","0","2025-11-06"
"PF19116002","18-24","UK","medium","solo","river","authentic","hard","slow-travel","1","Summer","Athens Center","Apollo Trails","Apollo Trails","Andritsaina Historic Route","7.6","medium","low","0","90","39","195","4.6","1","2025-07-09"
"PF59735003","25-34","Austria","medium","friends","village","authentic","hard","slow-travel","1","Summer","Santorini","Zagori / Vikos Gorge","Zagori / Vikos Gorge","Beloi Viewpoint Trail","6.1","low","medium","0","82","88","76","4.1","1","2025-07-11"
"PF80644004","25-34","USA","medium","solo","village","wild","expert","adventure","1","Autumn","Oia","Folegandros","Kythera Trails","Chora to Kapsali","7.3","low","medium","0","82","89","175","4.1","1","2024-11-12"
"PF25014005","35-44","USA","medium","couple","mountain","authentic","hard","nature-immersion","1","Spring","Mykonos","Poros Trails","Pertouli Trails","Elati Forest Loop","8","high","low","0","89","55","79","4.2","1","2025-04-15"
"PF79514006","55-64","USA","low","couple","island","peaceful","easy","weekend-getaway","0","Winter","Mykonos","Serifos","Serifos","White Tower Ancient Path","1.9","medium","medium","1","87","51","107","4.4","1","2026-01-08"
"PF80686007","45-54","Italy","medium","family","mountain","quiet","moderate","weekend-getaway","1","Summer","Athens Center","Apollo Trails","Apollo Trails","Mount Lykaion Ascent","3.6","high","low","0","77","58","41","3.9","1","2025-06-23"
"PF14117008","55-64","Germany","medium","couple","coast","quiet","expert","adventure","1","Winter","Navagio Beach","Zagori / Vikos Gorge","Zagori / Vikos Gorge","Beloi Viewpoint Trail","6.1","low","high","0","91","85","130","4.3","1","2026-02-22"
"PF17100009","35-44","Sweden","medium","couple","coast","authentic","moderate","slow-travel","0","Autumn","Mykonos","Kythera Trails","Kythera Trails","Moudari Lighthouse Route","6.1","low","high","0","84","42","52","4.6","1","2024-11-16"
"PF40982010","25-34","France","high","solo","coast","cinematic","expert","nature-immersion","0","Summer","Santorini","Zagori / Vikos Gorge","Menalon Trail","Nymfasia to Magouliana","8.4","low","low","0","91","92","79","4","1","2025-06-11"
"PF85914011","45-54","Germany","low","family","village","authentic","easy","adventure","1","Summer","Santorini","Serifos","Kythera Trails","Mylopotamos Waterfalls","2.7","low","low","0","77","35","198","3.9","0","2025-07-26"
"PF51180012","25-34","France","medium","friends","village","authentic","hard","slow-travel","1","Spring","Oia","Ithaca Trails","Ithaca Trails","Kathara Monastery Route","5.9","low","medium","0","98","38","102","4.2","1","2025-04-11"
"PF81200013","45-54","USA","medium","couple","village","spiritual","moderate","weekend-getaway","1","Summer","Navagio Beach","Poros Trails","Poros Trails","Temple of Poseidon Path","4.3","low","low","1","76","73","92","4.6","1","2025-07-29"
"PF42914014","55-64","Greece","low","couple","village","authentic","moderate","slow-travel","1","Spring","Mykonos","Poros Trails","Poros Trails","Dana Lighthouse Route","5.2","low","high","0","72","49","179","3.8","0","2025-04-01"
"PF15482015","25-34","Switzerland","high","couple","village","remote","expert","adventure","1","Winter","Navagio Beach","Ithaca Trails","Ithaca Trails","Anogi Plateau Route","6","low","high","1","97","50","244","4.8","1","2025-12-28"
"PF53540016","45-54","France","medium","couple","island","peaceful","moderate","adventure","1","Summer","Corfu Old Town","Apollo Trails","Zagori / Vikos Gorge","Dragon Lake Hike","5.9","medium","medium","0","81","69","250","4.8","1","2025-06-22"
"PF96511017","25-34","UK","high","solo","island","wild","expert","nature-immersion","1","Autumn","Navagio Beach","Prespes","Zagori / Vikos Gorge","Papigo Pools Route","8.4","medium","medium","0","71","43","192","4.3","1","2025-09-18"
"PF77033018","18-24","Switzerland","medium","friends","village","cinematic","hard","adventure","1","Spring","Meteora","Zagori / Vikos Gorge","Prespes","Agios Achilleios Loop","7","low","low","0","83","71","143","4.6","1","2025-03-11"
"PF97153019","55-64","Italy","medium","couple","village","authentic","moderate","slow-travel","1","Autumn","Mykonos","Zagori / Vikos Gorge","Zagori / Vikos Gorge","Dragon Lake Hike","5","low","low","0","75","40","112","4.4","1","2025-10-10"
"PF40784020","35-44","UK","low","couple","village","authentic","moderate","nature-immersion","1","Winter","Oia","Kythera Trails","Kythera Trails","Chora to Kapsali","5","low","high","0","74","30","232","4.8","1","2025-02-18"
"PF38683021","25-34","Canada","medium","solo","village","quiet","expert","slow-travel","1","Winter","Corfu Old Town","Poros Trails","Prespes","Pyli to Daseri","8","low","low","0","84","50","230","4.8","1","2026-02-04"
"PF42406022","45-54","UK","medium","couple","village","quiet","easy","nature-immersion","1","Winter","Santorini","Zagori / Vikos Gorge","Zagori / Vikos Gorge","Papigo Pools Route","1.9","low","high","0","82","49","220","4.1","1","2025-12-30"
"PF81121023","35-44","Germany","medium","family","village","peaceful","moderate","slow-travel","1","Winter","Corfu Old Town","Apollo Trails","Apollo Trails","Andritsaina Historic Route","6.1","low","medium","0","87","58","164","4.1","1","2026-01-21"
"PF60968024","25-34","Italy","medium","friends","island","adventurous","expert","adventure","1","Summer","Oia","Menalon Trail","Menalon Trail","Stemnitsa to Dimitsana","5.9","medium","medium","0","75","36","106","4.3","1","2025-06-05"
"PF54236025","45-54","France","high","couple","village","quiet","moderate","slow-travel","1","Spring","Navagio Beach","Prespes","Prespes","Agios Achilleios Loop","5.8","low","high","0","76","32","199","4","1","2025-03-10"
"PF24993026","35-44","UK","medium","couple","village","peaceful","expert","slow-travel","1","Summer","Mykonos","Prespes","Prespes","Vrontero Cave Path","6.7","low","low","0","76","39","191","4.6","1","2025-07-07"
"PF49529027","55-64","USA","medium","solo","island","quiet","expert","weekend-getaway","1","Winter","Oia","Zagori / Vikos Gorge","Zagori / Vikos Gorge","Papigo Pools Route","8","medium","high","0","83","76","202","4.9","1","2026-02-14"
"PF67080028","25-34","USA","high","couple","island","remote","moderate","nature-immersion","1","Autumn","Athens Center","Menalon Trail","Menalon Trail","Nymfasia to Magouliana","4.3","medium","medium","0","77","89","185","4.5","1","2025-11-24"
"PF74789029","55-64","Germany","medium","couple","coast","quiet","moderate","weekend-getaway","1","Winter","Oia","Zagori / Vikos Gorge","Zagori / Vikos Gorge","Dragon Lake Hike","5.6","low","low","1","92","92","154","4.8","1","2025-02-04"
"PF63005030","35-44","UK","medium","family","coast","peaceful","moderate","nature-immersion","1","Spring","Navagio Beach","Prespes","Prespes","Vrontero Cave Path","4.2","low","low","0","76","70","70","4.7","1","2025-05-09"
"PF73464031","25-34","USA","high","couple","coast","remote","moderate","adventure","1","Spring","Meteora","Prespes","Prespes","Psarades Cape Trail","6.4","low","low","1","79","46","203","4.8","1","2026-03-18"
"PF11607032","35-44","France","low","couple","island","peaceful","easy","nature-immersion","1","Winter","Santorini","Prespes","Prespes","Agios Achilleios Loop","3.9","medium","medium","0","72","61","70","4.5","1","2026-01-01"
"PF91057033","25-34","USA","high","couple","river","adventurous","expert","nature-immersion","1","Winter","Meteora","Pertouli Trails","Pertouli Trails","Koziakas Refuge Path","6.1","medium","low","0","72","50","101","4","1","2025-01-16"
"PF63545034","35-44","USA","medium","family","coast","authentic","easy","nature-immersion","1","Autumn","Santorini","Prespes","Prespes","Psarades Cape Trail","3.1","low","low","0","74","64","76","3.9","1","2025-09-11"
"PF84607035","55-64","France","low","couple","coast","peaceful","moderate","weekend-getaway","0","Autumn","Oia","Menalon Trail","Menalon Trail","Stemnitsa to Dimitsana","5.3","low","high","0","72","59","212","4.8","1","2024-11-22"
"PF98117036","45-54","USA","low","family","island","quiet","moderate","nature-immersion","1","Spring","Meteora","Prespes","Prespes","Pyli to Daseri","4.5","medium","medium","1","80","43","81","4.2","1","2026-03-23"
"PF62488037","45-54","USA","medium","couple","coast","peaceful","expert","nature-immersion","1","Winter","Corfu Old Town","Menalon Trail","Menalon Trail","Lagkadia Route","5.7","low","low","0","81","93","200","4.3","1","2024-12-23"
"PF81987038","18-24","UK","high","solo","island","wild","moderate","adventure","0","Spring","Navagio Beach","Tzoumerka","Tzoumerka","Matsouki Trail","6.5","medium","high","1","84","45","205","4.8","1","2026-03-26"
"PF48254039","35-44","UK","high","couple","island","quiet","hard","adventure","1","Summer","Athens Center","Tzoumerka","Tzoumerka","Pramanta Refuge Trail","7.8","medium","medium","1","80","94","108","4.8","1","2025-08-17"
"PF86931040","35-44","Italy","medium","family","island","quiet","easy","weekend-getaway","1","Winter","Oia","Prespes","Prespes","Vrontero Cave Path","3.2","medium","high","0","97","82","51","4.2","1","2026-02-28"
"PF59968041","25-34","Italy","high","friends","village","authentic","hard","slow-travel","1","Summer","Oia","Zagori / Vikos Gorge","Menalon Trail","Stemnitsa to Dimitsana","5.5","low","high","1","83","49","59","4.4","1","2025-07-30"
"PF62098042","35-44","Greece","high","couple","island","quiet","expert","weekend-getaway","0","Winter","Navagio Beach","Zagori / Vikos Gorge","Zagori / Vikos Gorge","Voidomatis River Path","5.7","medium","low","0","91","66","98","4.7","1","2026-01-19"
"PF93066043","45-54","Germany","medium","couple","island","authentic","expert","weekend-getaway","1","Autumn","Corfu Old Town","Prespes","Prespes","Psarades Cape Trail","7.2","medium","high","1","75","52","60","4.5","1","2025-11-27"
"PF41566044","35-44","USA","medium","family","coast","peaceful","moderate","slow-travel","1","Autumn","Athens Center","Poros Trails","Poros Trails","Temple of Poseidon Path","6.5","low","medium","0","90","84","216","4.1","1","2025-09-06"
"PF60422045","55-64","Germany","low","couple","village","quiet","easy","weekend-getaway","1","Autumn","Santorini","Menalon Trail","Menalon Trail","Stemnitsa to Dimitsana","4.2","low","low","0","85","66","238","4.8","1","2025-10-27"
"PF34920046","35-44","Italy","medium","friends","village","remote","moderate","slow-travel","1","Autumn","Navagio Beach","Prespes","Prespes","Vrontero Cave Path","3.8","low","medium","1","80","83","84","4","1","2025-11-10"
"PF45720047","45-54","UK","medium","friends","forest","quiet","hard","weekend-getaway","1","Summer","Corfu Old Town","Apollo Trails","Apollo Trails","Mount Lykaion Ascent","5.8","medium","medium","1","70","63","177","3.9","0","2025-07-27"
"PF93695048","55-64","Germany","low","family","village","quiet","moderate","weekend-getaway","1","Spring","Oia","Kythera Trails","Kythera Trails","Palaiochora Gorge","5.4","low","high","1","74","35","49","4.2","1","2026-03-20"
"PF40775049","55-64","Germany","medium","solo","village","peaceful","expert","nature-immersion","1","Summer","Oia","Zagori / Vikos Gorge","Prespes","Pyli to Daseri","8.300000000000001","low","medium","0","71","77","95","4.3","1","2025-06-30"
"PF23022050","65+","France","medium","couple","village","authentic","easy","weekend-getaway","1","Winter","Mykonos","Menalon Trail","Menalon Trail","Elati to Vytina","1.7","low","medium","0","77","46","241","4.5","1","2025-01-10"
"PF82641051","25-34","UK","medium","solo","village","authentic","easy","slow-travel","1","Spring","Mykonos","Tzoumerka","Tzoumerka","Katarraktis Waterfalls","1.9","low","medium","0","95","60","190","4.2","1","2025-04-28"
"PF26614052","45-54","USA","medium","family","coast","quiet","easy","slow-travel","1","Spring","Mykonos","Serifos","Serifos","Kallitsos Route","1.7","low","medium","0","97","81","149","4.6","1","2026-03-18"
"PF68138053","18-24","Germany","medium","solo","island","remote","easy","weekend-getaway","1","Summer","Athens Center","Poros Trails","Poros Trails","Dana Lighthouse Route","4.1","medium","low","0","98","57","150","4.3","1","2025-06-22"
"PF69441054","25-34","Italy","medium","solo","island","adventurous","expert","adventure","1","Spring","Navagio Beach","Prespes","Prespes","Agios Achilleios Loop","5.8","medium","low","0","81","46","182","3.9","0","2025-03-06"
"PF97207055","55-64","France","low","couple","island","authentic","easy","weekend-getaway","1","Summer","Meteora","Prespes","Prespes","Pyli to Daseri","2.6","medium","low","1","81","44","235","4.1","1","2025-06-20"
"PF83526056","65+","Greece","medium","couple","island","peaceful","moderate","weekend-getaway","1","Winter","Santorini","Prespes","Menalon Trail","Stemnitsa to Dimitsana","5.2","medium","medium","1","72","48","229","4.6","1","2024-12-02"
"PF79531057","25-34","France","medium","couple","coast","peaceful","expert","slow-travel","1","Winter","Mykonos","Zagori / Vikos Gorge","Zagori / Vikos Gorge","Papigo Pools Route","7","low","medium","1","83","64","95","4.7","1","2025-02-25"
"PF24534058","25-34","Italy","high","solo","island","adventurous","hard","nature-immersion","1","Spring","Oia","Tzoumerka","Tzoumerka","Pramanta Refuge Trail","6.4","medium","high","1","70","93","231","4.3","1","2025-03-13"
"PF40161059","35-44","Greece","low","friends","forest","quiet","moderate","slow-travel","1","Winter","Athens Center","Apollo Trails","Apollo Trails","Temple of Epicurius Apollo Walk","3.8","medium","high","0","80","51","245","4.9","1","2026-02-15"
"PF57428060","18-24","Greece","high","friends","island","cinematic","expert","nature-immersion","1","Spring","Corfu Old Town","Tzoumerka","Tzoumerka","Pramanta Refuge Trail","7.4","medium","low","1","86","54","238","4.2","1","2025-04-01"
"PF29194061","25-34","Germany","high","solo","village","cinematic","expert","nature-immersion","1","Winter","Athens Center","Zagori / Vikos Gorge","Zagori / Vikos Gorge","Voidomatis River Path","8.5","low","medium","0","97","70","78","4.3","1","2026-02-24"
"PF49691062","45-54","USA","low","family","coast","authentic","easy","slow-travel","1","Spring","Corfu Old Town","Prespes","Prespes","Pyli to Daseri","2.8","low","low","1","90","54","122","4.5","1","2026-03-29"
"PF18109063","35-44","Greece","high","couple","coast","quiet","hard","adventure","1","Autumn","Santorini","Tzoumerka","Prespes","Psarades Cape Trail","8.300000000000001","low","medium","1","83","73","213","4.5","1","2025-10-09"
"PF22387064","35-44","France","high","friends","island","authentic","expert","adventure","1","Spring","Meteora","Zagori / Vikos Gorge","Prespes","Pyli to Daseri","7.6","medium","high","1","79","78","204","4.7","1","2025-03-11"
"PF99838065","55-64","Germany","low","couple","island","peaceful","easy","weekend-getaway","1","Spring","Mykonos","Menalon Trail","Prespes","Psarades Cape Trail","2","medium","medium","0","97","42","169","4.7","1","2026-04-24"
"PF54140066","55-64","USA","low","couple","coast","peaceful","moderate","adventure","0","Winter","Navagio Beach","Menalon Trail","Menalon Trail","Elati to Vytina","5.8","low","medium","0","77","60","119","5","1","2026-02-24"
"PF35430067","25-34","Austria","high","solo","island","wild","hard","nature-immersion","1","Spring","Oia","Zagori / Vikos Gorge","Zagori / Vikos Gorge","Voidomatis River Path","5.7","medium","medium","0","97","77","181","4.9","1","2026-04-13"
"PF47363068","18-24","Germany","high","couple","coast","remote","expert","slow-travel","1","Autumn","Mykonos","Menalon Trail","Tzoumerka","Katarraktis Waterfalls","6.6","low","medium","0","72","77","97","3.8","1","2025-10-10"
"PF28035069","18-24","Austria","high","couple","river","adventurous","expert","nature-immersion","1","Summer","Athens Center","Apollo Trails","Apollo Trails","Mount Lykaion Ascent","8.300000000000001","medium","low","0","86","84","68","4.7","1","2025-07-02"
"PF16258070","25-34","USA","medium","couple","village","remote","moderate","nature-immersion","1","Spring","Oia","Prespes","Prespes","Psarades Cape Trail","4.4","low","high","0","89","75","101","4.5","1","2025-05-11"
"PF21221071","35-44","France","medium","family","coast","authentic","easy","slow-travel","1","Autumn","Athens Center","Prespes","Tzoumerka","Katarraktis Waterfalls","2.5","low","low","1","91","43","237","4.5","1","2025-10-07"
"PF56176072","35-44","Greece","medium","family","island","authentic","moderate","nature-immersion","1","Spring","Navagio Beach","Prespes","Prespes","Pyli to Daseri","4.1","medium","high","1","98","35","120","4.9","1","2026-04-12"
"PF81176073","35-44","Germany","medium","friends","village","peaceful","expert","slow-travel","0","Autumn","Meteora","Prespes","Prespes","Pyli to Daseri","8.199999999999999","low","medium","1","80","53","167","4.6","1","2025-11-12"
"PF78062074","25-34","Germany","high","couple","coast","adventurous","hard","adventure","1","Autumn","Oia","Zagori / Vikos Gorge","Zagori / Vikos Gorge","Papigo Pools Route","7.3","low","medium","1","75","86","129","4.3","1","2025-10-28"
"PF67008075","25-34","Sweden","medium","friends","island","wild","expert","weekend-getaway","1","Winter","Oia","Menalon Trail","Menalon Trail","Stemnitsa to Dimitsana","5.6","medium","high","0","77","76","132","4.3","1","2024-12-04"
"PF99006076","25-34","France","medium","solo","island","adventurous","moderate","weekend-getaway","1","Winter","Athens Center","Zagori / Vikos Gorge","Zagori / Vikos Gorge","Vikos Gorge Crossing","5","medium","medium","1","87","45","107","4.7","1","2026-01-31"
"PF90199077","25-34","Austria","medium","couple","village","adventurous","hard","nature-immersion","1","Spring","Mykonos","Menalon Trail","Zagori / Vikos Gorge","Papigo Pools Route","7.6","low","low","0","87","67","116","4.8","1","2025-04-28"
"PF76683078","25-34","Sweden","medium","friends","island","remote","easy","weekend-getaway","1","Winter","Oia","Menalon Trail","Menalon Trail","Lagkadia Route","1.7","medium","medium","0","92","91","174","4.3","1","2025-12-25"
"PF19666079","18-24","UK","high","friends","coast","cinematic","expert","adventure","1","Spring","Corfu Old Town","Tzoumerka","Tzoumerka","Pramanta Refuge Trail","8.199999999999999","low","high","0","96","45","172","4","1","2025-04-18"
"PF39552080","25-34","Austria","high","solo","village","wild","moderate","weekend-getaway","1","Autumn","Mykonos","Tzoumerka","Tzoumerka","Kouiassa Path","5.3","low","low","0","74","51","208","4.5","1","2025-10-12"
"PF83874081","18-24","Switzerland","high","couple","coast","cinematic","expert","weekend-getaway","1","Winter","Navagio Beach","Prespes","Prespes","Agios Achilleios Loop","7.1","low","low","1","79","91","102","4.8","1","2025-12-21"
"PF19564082","35-44","Germany","medium","couple","coast","peaceful","moderate","adventure","1","Spring","Meteora","Tzoumerka","Tzoumerka","Syrrako to Kalarrytes","5.8","low","low","0","87","43","121","4.1","1","2025-03-06"
"PF42495083","18-24","Germany","high","friends","coast","wild","expert","adventure","1","Spring","Corfu Old Town","Tzoumerka","Tzoumerka","Pramanta Refuge Trail","6.9","low","medium","1","85","32","63","4.9","1","2026-04-02"
"PF41552084","25-34","France","high","couple","village","cinematic","hard","nature-immersion","1","Spring","Meteora","Tzoumerka","Tzoumerka","Syrrako to Kalarrytes","7.8","low","medium","0","71","81","53","4.5","1","2025-05-19"
"PF47827085","18-24","USA","medium","couple","island","authentic","moderate","slow-travel","1","Spring","Santorini","Zagori / Vikos Gorge","Prespes","Vrontero Cave Path","5.3","medium","medium","0","86","35","51","3.8","0","2026-03-01"
"PF29521086","35-44","USA","medium","couple","village","authentic","hard","weekend-getaway","1","Autumn","Oia","Menalon Trail","Menalon Trail","Valtesiniko Trail","6.9","low","high","1","81","72","212","3.9","0","2025-09-12"
"PF92478087","18-24","France","high","couple","island","wild","expert","adventure","1","Winter","Navagio Beach","Prespes","Prespes","Pyli to Daseri","6.2","medium","low","1","92","44","88","3.8","0","2026-01-03"
"PF36724088","25-34","Netherlands","high","couple","coast","peaceful","hard","slow-travel","1","Summer","Oia","Tzoumerka","Zagori / Vikos Gorge","Voidomatis River Path","8.4","low","medium","1","87","73","179","4.2","1","2025-07-29"
"PF35200089","65+","UK","medium","family","coast","quiet","moderate","weekend-getaway","1","Spring","Navagio Beach","Menalon Trail","Menalon Trail","Valtesiniko Trail","4.4","low","low","1","91","78","141","4.8","1","2025-03-30"
"PF47700090","65+","Germany","medium","solo","island","authentic","moderate","adventure","1","Winter","Mykonos","Prespes","Zagori / Vikos Gorge","Beloi Viewpoint Trail","4.2","medium","low","0","98","58","203","4.1","1","2025-02-11"
"PF71918091","18-24","Netherlands","high","couple","coast","cinematic","hard","nature-immersion","0","Winter","Navagio Beach","Prespes","Prespes","Psarades Cape Trail","6.4","low","high","0","94","41","206","4.5","1","2024-12-09"
"PF32946092","25-34","Greece","medium","couple","village","wild","easy","nature-immersion","1","Spring","Mykonos","Prespes","Kythera Trails","Moudari Lighthouse Route","4.3","low","medium","0","79","88","204","4.5","1","2026-03-21"
"PF27589093","55-64","France","low","couple","coast","quiet","easy","nature-immersion","1","Winter","Navagio Beach","Prespes","Prespes","Vrontero Cave Path","2","low","low","1","98","81","149","4.4","1","2025-01-28"
"PF22502094","25-34","Germany","medium","solo","gorge","adventurous","hard","adventure","1","Winter","Athens Center","Apollo Trails","Apollo Trails","Neda Waterfalls Path","7.6","high","high","0","91","45","159","4.2","1","2025-12-21"
"PF50760095","35-44","USA","medium","couple","village","spiritual","moderate","adventure","1","Autumn","Athens Center","Prespes","Prespes","Pyli to Daseri","5.8","low","low","1","94","40","174","4.3","1","2025-11-06"
"PF83946096","18-24","Greece","medium","friends","village","wild","expert","adventure","1","Winter","Meteora","Tzoumerka","Tzoumerka","Pramanta Refuge Trail","5.8","low","low","0","84","37","156","4","1","2025-12-31"
"PF17567097","35-44","Italy","low","couple","village","peaceful","easy","slow-travel","1","Spring","Oia","Menalon Trail","Menalon Trail","Stemnitsa to Dimitsana","4.3","low","high","1","85","34","113","4.3","1","2025-03-19"
"PF94656098","65+","France","low","family","island","authentic","easy","nature-immersion","1","Autumn","Athens Center","Prespes","Menalon Trail","Nymfasia to Magouliana","4.5","medium","medium","1","86","46","226","5","1","2024-11-04"
"PF49107099","35-44","Italy","medium","couple","village","peaceful","expert","nature-immersion","1","Winter","Meteora","Prespes","Zagori / Vikos Gorge","Vikos Gorge Crossing","7.3","low","high","1","77","56","57","3.9","1","2026-02-01"
"PF16380100","25-34","Germany","high","couple","island","authentic","hard","slow-travel","1","Winter","Meteora","Tzoumerka","Tzoumerka","Syrrako to Kalarrytes","8.1","medium","low","1","86","58","145","4.2","1","2025-01-02"
"PF87550101","55-64","Austria","low","couple","island","peaceful","moderate","weekend-getaway","1","Spring","Navagio Beach","Menalon Trail","Menalon Trail","Valtesiniko Trail","4.6","medium","low","0","85","60","97","4.2","1","2025-03-28"
"PF17552102","35-44","Canada","low","couple","river","peaceful","easy","adventure","1","Summer","Meteora","Pertouli Trails","Pertouli Trails","Koziakas Refuge Path","2.3","medium","low","0","89","35","58","4","1","2025-06-11"
"PF53642103","25-34","Switzerland","medium","couple","village","cinematic","hard","nature-immersion","1","Spring","Mykonos","Menalon Trail","Menalon Trail","Elati to Vytina","7.8","low","medium","0","84","75","118","4.1","1","2026-04-10"
"PF71080104","18-24","Sweden","high","couple","coast","adventurous","expert","weekend-getaway","1","Autumn","Meteora","Zagori / Vikos Gorge","Menalon Trail","Stemnitsa to Dimitsana","8.300000000000001","low","low","0","93","83","115","4","1","2025-10-04"
"PF84683105","45-54","France","medium","couple","island","peaceful","moderate","nature-immersion","1","Winter","Navagio Beach","Menalon Trail","Menalon Trail","Nymfasia to Magouliana","5.7","medium","medium","0","75","37","174","3.8","1","2024-12-20"
"PF64053106","18-24","USA","medium","solo","island","cinematic","expert","nature-immersion","1","Autumn","Meteora","Prespes","Prespes","Agios Achilleios Loop","5.5","medium","low","1","93","65","177","5","1","2024-11-18"
"PF98346107","25-34","Austria","high","friends","coast","cinematic","moderate","adventure","1","Winter","Mykonos","Zagori / Vikos Gorge","Zagori / Vikos Gorge","Papigo Pools Route","4.6","low","medium","0","84","61","218","4.1","1","2025-01-22"
"PF95182108","45-54","Germany","medium","couple","village","peaceful","easy","slow-travel","1","Spring","Santorini","Prespes","Prespes","Vrontero Cave Path","4.2","low","high","0","77","57","217","4.9","1","2026-03-02"
"PF19744109","35-44","UK","medium","couple","island","peaceful","hard","weekend-getaway","1","Autumn","Santorini","Zagori / Vikos Gorge","Zagori / Vikos Gorge","Dragon Lake Hike","6","medium","high","0","88","79","213","4.9","1","2025-10-06"
"PF28343110","45-54","Italy","medium","couple","village","quiet","hard","slow-travel","1","Autumn","Corfu Old Town","Zagori / Vikos Gorge","Menalon Trail","Stemnitsa to Dimitsana","7.9","low","medium","1","85","59","131","4.5","1","2025-11-20"
"PF99088111","35-44","France","medium","couple","coast","authentic","easy","slow-travel","1","Spring","Mykonos","Zagori / Vikos Gorge","Zagori / Vikos Gorge","Papigo Pools Route","1.8","low","medium","0","84","76","234","4.1","1","2025-03-16"
"PF66489112","25-34","USA","medium","friends","coast","quiet","easy","slow-travel","1","Autumn","Corfu Old Town","Zagori / Vikos Gorge","Zagori / Vikos Gorge","Dragon Lake Hike","3.7","low","low","1","98","61","186","4.4","1","2025-11-25"
"PF45247113","25-34","France","high","friends","village","cinematic","moderate","nature-immersion","1","Autumn","Corfu Old Town","Zagori / Vikos Gorge","Tzoumerka","Kouiassa Path","4.9","low","high","1","79","30","141","4.2","1","2025-11-25"
"PF53193114","25-34","France","high","friends","island","wild","hard","weekend-getaway","1","Autumn","Meteora","Menalon Trail","Menalon Trail","Nymfasia to Magouliana","8.4","medium","medium","0","93","92","187","4.7","1","2025-09-30"
"PF61502115","25-34","Austria","high","solo","village","remote","moderate","slow-travel","1","Summer","Athens Center","Zagori / Vikos Gorge","Zagori / Vikos Gorge","Papigo Pools Route","6","low","medium","0","91","93","75","4.6","1","2025-07-06"
"PF30203116","45-54","Netherlands","high","family","village","authentic","easy","nature-immersion","1","Winter","Oia","Tzoumerka","Tzoumerka","Syrrako to Kalarrytes","1.8","low","high","0","91","75","82","4.6","1","2024-12-16"
"PF94545117","35-44","France","high","family","island","authentic","moderate","slow-travel","1","Autumn","Mykonos","Tzoumerka","Tzoumerka","Kouiassa Path","4.6","medium","medium","0","94","94","78","4.2","1","2024-11-26"
"PF48722118","25-34","Canada","high","solo","coast","cinematic","moderate","weekend-getaway","1","Winter","Meteora","Zagori / Vikos Gorge","Zagori / Vikos Gorge","Papigo Pools Route","4.8","low","low","0","84","70","57","4.2","1","2025-02-26"
"PF54967119","35-44","Italy","high","couple","island","authentic","hard","adventure","1","Winter","Oia","Tzoumerka","Tzoumerka","Matsouki Trail","7.4","medium","high","1","90","85","141","3.8","1","2026-02-04"
"PF60965120","18-24","UK","high","couple","coast","peaceful","expert","slow-travel","1","Winter","Oia","Tzoumerka","Tzoumerka","Katarraktis Waterfalls","8.1","low","low","1","90","70","192","4.3","1","2025-12-07"
"PF55603121","25-34","France","high","couple","village","quiet","moderate","slow-travel","1","Spring","Meteora","Zagori / Vikos Gorge","Zagori / Vikos Gorge","Papigo Pools Route","5","low","medium","1","89","47","187","4.3","1","2025-05-10"
"PF80435122","35-44","USA","medium","family","island","spiritual","moderate","adventure","1","Spring","Mykonos","Menalon Trail","Menalon Trail","Nymfasia to Magouliana","3.9","medium","medium","1","87","94","207","4.4","1","2026-03-19"
"PF68176123","35-44","Germany","medium","couple","village","authentic","expert","weekend-getaway","1","Autumn","Mykonos","Zagori / Vikos Gorge","Zagori / Vikos Gorge","Voidomatis River Path","7.1","low","high","0","88","44","108","4.7","1","2025-11-11"
"PF15453124","45-54","France","medium","family","mountain","authentic","moderate","adventure","1","Autumn","Meteora","Pertouli Trails","Pertouli Trails","Pertouli Meadows Trail","6.1","high","high","0","94","60","93","4.8","1","2025-10-26"
"PF89988125","35-44","Germany","medium","couple","coast","quiet","hard","slow-travel","0","Winter","Oia","Prespes","Prespes","Vrontero Cave Path","8.4","low","low","1","98","42","74","5","1","2025-12-27"
"PF46349126","55-64","Germany","low","solo","forest","authentic","moderate","adventure","1","Summer","Corfu Old Town","Apollo Trails","Apollo Trails","Andritsaina Historic Route","4.9","medium","low","0","95","41","143","4.4","1","2025-08-12"
"PF58374127","35-44","France","high","friends","village","peaceful","hard","slow-travel","1","Summer","Athens Center","Menalon Trail","Menalon Trail","Stemnitsa to Dimitsana","6.2","low","medium","0","96","57","166","4.1","1","2025-08-18"
"PF85750128","18-24","Greece","high","couple","coast","authentic","hard","slow-travel","1","Summer","Corfu Old Town","Menalon Trail","Menalon Trail","Elati to Vytina","5.5","low","medium","0","76","46","206","4.2","1","2025-08-08"
"PF57242129","25-34","France","medium","friends","village","wild","easy","weekend-getaway","1","Winter","Navagio Beach","Menalon Trail","Menalon Trail","Stemnitsa to Dimitsana","1.5","low","medium","0","72","46","191","4.1","1","2026-01-30"
"PF55032130","45-54","Sweden","low","couple","coast","peaceful","easy","nature-immersion","1","Autumn","Santorini","Prespes","Prespes","Vrontero Cave Path","2.6","low","high","0","90","48","57","4.4","1","2024-11-09"
"PF31511131","25-34","Italy","medium","friends","forest","remote","hard","nature-immersion","1","Winter","Corfu Old Town","Apollo Trails","Apollo Trails","Neda Waterfalls Path","8.4","medium","medium","1","95","47","103","4.1","1","2025-01-26"
"PF88774132","35-44","USA","medium","friends","coast","quiet","easy","weekend-getaway","1","Winter","Mykonos","Prespes","Prespes","Pyli to Daseri","3.9","low","high","0","85","79","68","4.1","1","2025-01-12"
"PF11581133","65+","Austria","medium","couple","village","quiet","easy","weekend-getaway","1","Summer","Oia","Prespes","Zagori / Vikos Gorge","Vikos Gorge Crossing","1.5","low","high","0","71","37","242","4.3","1","2025-08-21"
"PF75673134","45-54","France","medium","family","river","peaceful","moderate","adventure","1","Summer","Meteora","Pertouli Trails","Pertouli Trails","Elati Forest Loop","4.7","medium","low","1","94","38","119","4.6","1","2025-07-03"
"PF21300135","55-64","Germany","low","solo","coast","peaceful","moderate","adventure","1","Summer","Santorini","Menalon Trail","Menalon Trail","Elati to Vytina","5.1","low","low","1","78","51","135","4","1","2025-08-03"
"PF25473136","45-54","Germany","medium","couple","island","quiet","hard","slow-travel","1","Autumn","Oia","Zagori / Vikos Gorge","Prespes","Vrontero Cave Path","7.8","medium","low","0","91","44","98","4.7","1","2024-11-03"
"PF11610137","25-34","France","medium","couple","coast","quiet","hard","slow-travel","1","Winter","Navagio Beach","Tzoumerka","Tzoumerka","Pramanta Refuge Trail","6.3","low","high","0","88","77","70","4.4","1","2024-12-24"
"PF77603138","65+","Canada","low","couple","coast","quiet","moderate","weekend-getaway","1","Spring","Meteora","Prespes","Prespes","Psarades Cape Trail","5.7","low","high","1","84","77","191","5","1","2025-05-20"
"PF81638139","45-54","UK","medium","couple","village","authentic","hard","weekend-getaway","1","Spring","Navagio Beach","Kythera Trails","Anafi","Mt Kalamos Ascent","5.8","low","low","0","77","83","165","5","1","2025-03-26"
"PF22193140","18-24","UK","high","couple","island","wild","expert","nature-immersion","0","Autumn","Navagio Beach","Zagori / Vikos Gorge","Zagori / Vikos Gorge","Dragon Lake Hike","7.2","medium","medium","1","91","46","100","4.2","1","2025-09-19"
"PF61505141","45-54","Netherlands","medium","couple","island","authentic","expert","adventure","1","Autumn","Mykonos","Zagori / Vikos Gorge","Zagori / Vikos Gorge","Vikos Gorge Crossing","6.9","medium","medium","0","73","75","237","4","1","2025-09-12"
"PF25717142","18-24","Netherlands","high","friends","coast","adventurous","hard","adventure","0","Winter","Corfu Old Town","Poros Trails","Poros Trails","Lemon Forest Walk","7","low","low","0","79","63","249","5","1","2024-12-02"
"PF69270143","35-44","USA","low","family","coast","authentic","easy","slow-travel","0","Spring","Corfu Old Town","Menalon Trail","Menalon Trail","Valtesiniko Trail","3.2","low","medium","0","96","39","45","5","1","2025-05-22"
"PF68121144","45-54","Germany","high","couple","coast","quiet","moderate","nature-immersion","1","Summer","Santorini","Zagori / Vikos Gorge","Zagori / Vikos Gorge","Dragon Lake Hike","4.6","low","medium","1","75","75","94","4.9","1","2025-08-09"
"PF29481145","18-24","USA","medium","friends","village","cinematic","moderate","nature-immersion","1","Autumn","Santorini","Prespes","Prespes","Psarades Cape Trail","5.4","low","low","1","95","32","137","4.7","1","2025-11-03"
"PF73527146","25-34","USA","medium","solo","village","adventurous","hard","adventure","1","Summer","Santorini","Menalon Trail","Menalon Trail","Valtesiniko Trail","7.8","low","high","0","75","42","103","4.6","1","2025-07-31"
"PF17328147","45-54","Austria","high","couple","village","peaceful","moderate","adventure","1","Spring","Mykonos","Zagori / Vikos Gorge","Zagori / Vikos Gorge","Papigo Pools Route","5.6","low","medium","1","88","48","184","4.9","1","2026-03-20"
"PF33010148","35-44","Germany","medium","family","coast","authentic","easy","slow-travel","1","Winter","Oia","Menalon Trail","Menalon Trail","Elati to Vytina","1.6","low","low","1","92","48","238","3.9","0","2025-01-14"
"PF96787149","25-34","Germany","medium","solo","gorge","adventurous","moderate","nature-immersion","1","Spring","Corfu Old Town","Apollo Trails","Apollo Trails","Mount Lykaion Ascent","5.5","high","high","0","82","69","227","4.6","1","2025-03-11"
"PF10235150","55-64","Austria","medium","family","forest","authentic","easy","slow-travel","1","Winter","Meteora","Pertouli Trails","Pertouli Trails","Koziakas Refuge Path","2.5","medium","high","0","77","74","121","4","1","2025-01-30"
"PF97821151","35-44","Switzerland","medium","couple","village","authentic","expert","slow-travel","1","Winter","Corfu Old Town","Menalon Trail","Menalon Trail","Valtesiniko Trail","8.4","low","medium","1","85","78","129","4.5","1","2025-02-12"
"PF85766152","35-44","Italy","low","friends","coast","authentic","easy","weekend-getaway","1","Spring","Santorini","Prespes","Prespes","Psarades Cape Trail","3.7","low","low","1","98","41","126","4.5","1","2026-03-10"
"PF66534153","55-64","Germany","low","couple","coast","authentic","moderate","adventure","1","Spring","Mykonos","Menalon Trail","Menalon Trail","Lagkadia Route","4.4","low","high","0","71","80","186","4.5","1","2026-03-18"
"PF57294154","18-24","Germany","high","friends","coast","authentic","hard","slow-travel","1","Spring","Mykonos","Zagori / Vikos Gorge","Zagori / Vikos Gorge","Vikos Gorge Crossing","6.9","low","low","0","78","41","204","4.5","1","2025-05-09"
"PF59996155","25-34","France","high","solo","island","cinematic","expert","weekend-getaway","1","Spring","Oia","Tzoumerka","Tzoumerka","Katarraktis Waterfalls","6.5","medium","low","1","83","59","181","3.9","0","2026-04-20"
"PF80190156","35-44","Austria","medium","couple","island","peaceful","expert","nature-immersion","1","Winter","Corfu Old Town","Poros Trails","Poros Trails","Lemon Forest Walk","6","medium","high","0","76","54","72","3.9","1","2026-01-20"
"PF92211157","18-24","USA","high","couple","village","authentic","expert","slow-travel","0","Winter","Athens Center","Tzoumerka","Tzoumerka","Katarraktis Waterfalls","7.3","low","medium","0","73","83","78","4","1","2025-02-11"
"PF83752158","45-54","Netherlands","high","friends","island","quiet","hard","weekend-getaway","1","Autumn","Athens Center","Zagori / Vikos Gorge","Zagori / Vikos Gorge","Vikos Gorge Crossing","6.7","medium","low","0","89","81","49","4.3","1","2025-10-06"
"PF16460159","45-54","Austria","low","friends","island","quiet","easy","weekend-getaway","1","Winter","Meteora","Prespes","Menalon Trail","Stemnitsa to Dimitsana","2.4","medium","low","1","84","71","108","4.7","1","2025-01-31"
"PF37707160","55-64","France","low","couple","village","quiet","easy","slow-travel","1","Autumn","Mykonos","Prespes","Prespes","Psarades Cape Trail","2","low","high","1","96","37","103","3.8","1","2025-11-05"
"PF45910161","25-34","France","high","friends","village","adventurous","expert","adventure","1","Winter","Meteora","Tzoumerka","Tzoumerka","Matsouki Trail","6.5","low","high","0","96","63","231","4.8","1","2025-02-01"
"PF60667162","18-24","Greece","medium","solo","village","remote","easy","adventure","1","Summer","Navagio Beach","Zagori / Vikos Gorge","Zagori / Vikos Gorge","Vikos Gorge Crossing","2.9","low","high","1","90","52","193","4.8","1","2025-06-18"
"PF50037163","45-54","Italy","high","friends","coast","authentic","expert","nature-immersion","1","Summer","Meteora","Zagori / Vikos Gorge","Zagori / Vikos Gorge","Voidomatis River Path","5.8","low","low","1","91","77","183","4.6","1","2025-08-17"
"PF24169164","35-44","UK","medium","couple","village","authentic","expert","weekend-getaway","1","Summer","Mykonos","Zagori / Vikos Gorge","Zagori / Vikos Gorge","Vikos Gorge Crossing","7.5","low","low","1","74","33","207","4.4","1","2025-08-30"
"PF64862165","25-34","Netherlands","high","couple","village","adventurous","hard","weekend-getaway","1","Summer","Navagio Beach","Zagori / Vikos Gorge","Zagori / Vikos Gorge","Dragon Lake Hike","7","low","high","0","96","53","115","3.9","1","2025-07-23"
"PF83273166","45-54","Germany","medium","couple","coast","peaceful","hard","weekend-getaway","1","Winter","Mykonos","Tzoumerka","Tzoumerka","Syrrako to Kalarrytes","7.3","low","medium","0","97","45","160","3.9","1","2026-02-27"
"PF75598167","18-24","Italy","high","couple","coast","adventurous","moderate","adventure","1","Spring","Mykonos","Tzoumerka","Tzoumerka","Kouiassa Path","4.4","low","low","0","75","40","164","4.2","1","2025-05-01"
"PF17603168","18-24","UK","medium","couple","village","remote","expert","nature-immersion","0","Autumn","Corfu Old Town","Menalon Trail","Menalon Trail","Valtesiniko Trail","6.7","low","medium","0","82","30","49","4.4","1","2025-11-18"
"PF52233169","45-54","USA","low","family","village","authentic","moderate","adventure","1","Spring","Navagio Beach","Menalon Trail","Menalon Trail","Valtesiniko Trail","4","low","high","0","79","67","156","4.7","1","2026-04-21"
"PF27536170","25-34","Switzerland","medium","couple","village","adventurous","moderate","nature-immersion","1","Summer","Santorini","Zagori / Vikos Gorge","Zagori / Vikos Gorge","Vikos Gorge Crossing","3.9","low","low","1","90","34","136","4.9","1","2025-07-20"
"PF91675171","18-24","Spain","high","solo","island","quiet","expert","slow-travel","1","Spring","Athens Center","Zagori / Vikos Gorge","Zagori / Vikos Gorge","Beloi Viewpoint Trail","7.6","medium","high","1","79","83","209","3.9","0","2025-03-21"
"PF23751172","35-44","USA","medium","family","coast","authentic","easy","adventure","1","Autumn","Corfu Old Town","Prespes","Zagori / Vikos Gorge","Dragon Lake Hike","1.6","low","medium","1","76","91","124","4.1","1","2024-11-14"
"PF24474173","45-54","Italy","low","family","island","remote","easy","slow-travel","1","Winter","Navagio Beach","Menalon Trail","Menalon Trail","Stemnitsa to Dimitsana","4.1","medium","medium","1","81","70","149","4.7","1","2025-02-06"
"PF16014174","18-24","Germany","medium","couple","coast","remote","expert","weekend-getaway","1","Spring","Navagio Beach","Menalon Trail","Menalon Trail","Valtesiniko Trail","6.3","low","medium","1","92","91","244","4.3","1","2025-04-20"
"PF17686175","65+","Greece","medium","couple","coast","quiet","expert","nature-immersion","1","Autumn","Mykonos","Prespes","Prespes","Psarades Cape Trail","5.8","low","medium","0","84","35","56","4.1","1","2025-09-18"
"PF98857176","35-44","Netherlands","medium","friends","coast","quiet","hard","weekend-getaway","1","Winter","Oia","Zagori / Vikos Gorge","Zagori / Vikos Gorge","Beloi Viewpoint Trail","7.5","low","low","0","82","49","182","4.9","1","2024-12-26"
"PF30568177","35-44","France","low","family","village","peaceful","moderate","weekend-getaway","1","Winter","Mykonos","Menalon Trail","Menalon Trail","Elati to Vytina","4.7","low","high","1","72","88","153","4.8","1","2026-02-02"
"PF75333178","25-34","Germany","high","solo","village","adventurous","expert","nature-immersion","1","Summer","Santorini","Anafi","Anafi","Roukounas Beach Path","6.1","low","low","0","84","73","133","4.8","1","2025-06-17"
"PF53512179","35-44","USA","medium","family","village","authentic","moderate","slow-travel","1","Winter","Navagio Beach","Prespes","Prespes","Vrontero Cave Path","5.6","low","high","1","98","51","166","4","1","2025-12-25"
"PF90065180","25-34","Germany","medium","couple","island","wild","expert","adventure","1","Winter","Navagio Beach","Tzoumerka","Tzoumerka","Kouiassa Path","6.9","medium","low","1","86","47","167","3.8","1","2026-01-18"
"PF73298181","55-64","Netherlands","medium","couple","coast","authentic","moderate","adventure","1","Winter","Santorini","Prespes","Prespes","Pyli to Daseri","4.3","low","medium","0","79","87","246","4","1","2025-12-28"
"PF77147182","25-34","Italy","high","couple","village","wild","expert","adventure","1","Spring","Mykonos","Zagori / Vikos Gorge","Zagori / Vikos Gorge","Beloi Viewpoint Trail","8.4","low","high","1","86","71","221","3.9","0","2026-03-07"
"PF97445183","45-54","Italy","medium","friends","mountain","quiet","easy","nature-immersion","1","Summer","Corfu Old Town","Apollo Trails","Apollo Trails","Mount Lykaion Ascent","2.1","high","high","1","79","62","77","4.8","1","2025-08-30"
"PF80932184","18-24","Greece","high","couple","village","cinematic","expert","adventure","0","Autumn","Navagio Beach","Menalon Trail","Menalon Trail","Nymfasia to Magouliana","5.6","low","medium","0","82","83","241","5","1","2025-09-17"
"PF17051185","18-24","UK","high","couple","village","remote","expert","adventure","1","Winter","Navagio Beach","Zagori / Vikos Gorge","Zagori / Vikos Gorge","Voidomatis River Path","6.1","low","low","0","76","67","154","4","1","2025-01-16"
"PF32779186","45-54","Germany","medium","couple","island","authentic","moderate","adventure","1","Autumn","Oia","Tinos Trails","Tinos Trails","Volax Boulders Route","6.3","medium","low","0","71","68","165","4.7","1","2025-11-02"
"PF51662187","35-44","Canada","medium","couple","coast","peaceful","hard","nature-immersion","1","Autumn","Santorini","Menalon Trail","Menalon Trail","Nymfasia to Magouliana","6.2","low","low","1","86","90","183","4.8","1","2024-11-10"
"PF55351188","25-34","Switzerland","high","couple","mountain","remote","expert","weekend-getaway","1","Summer","Athens Center","Apollo Trails","Apollo Trails","Andritsaina Historic Route","8","high","medium","0","86","95","154","4.4","1","2025-08-31"
"PF35232189","25-34","Germany","high","couple","island","quiet","expert","slow-travel","1","Winter","Mykonos","Menalon Trail","Prespes","Agios Achilleios Loop","8","medium","low","0","94","85","205","4.8","1","2025-01-13"
"PF30152190","18-24","Italy","medium","solo","coast","cinematic","expert","weekend-getaway","1","Winter","Oia","Menalon Trail","Zagori / Vikos Gorge","Dragon Lake Hike","6.8","low","high","1","82","45","176","3.8","1","2024-12-17"
"PF19514191","25-34","USA","high","friends","coast","cinematic","moderate","weekend-getaway","0","Summer","Corfu Old Town","Zagori / Vikos Gorge","Zagori / Vikos Gorge","Vikos Gorge Crossing","5.1","low","high","0","93","80","243","4.8","1","2025-08-30"
"PF28884192","25-34","Switzerland","high","friends","village","quiet","expert","slow-travel","1","Spring","Oia","Prespes","Prespes","Pyli to Daseri","8.300000000000001","low","medium","1","76","74","94","4.3","1","2026-04-09"
"PF34116193","25-34","Greece","medium","couple","coast","peaceful","easy","slow-travel","1","Summer","Oia","Tzoumerka","Tzoumerka","Katarraktis Waterfalls","2.1","low","low","0","85","72","131","4","1","2025-06-29"
"PF91201194","18-24","Germany","medium","friends","coast","adventurous","moderate","adventure","1","Spring","Oia","Menalon Trail","Tzoumerka","Katarraktis Waterfalls","5.9","low","low","0","93","85","110","4.8","1","2025-03-18"
"PF53458195","55-64","France","low","couple","island","quiet","moderate","adventure","1","Winter","Navagio Beach","Menalon Trail","Zagori / Vikos Gorge","Voidomatis River Path","5.7","medium","low","0","72","39","44","4.8","1","2024-12-02"
"PF85877196","25-34","USA","high","friends","village","wild","hard","nature-immersion","1","Autumn","Navagio Beach","Zagori / Vikos Gorge","Zagori / Vikos Gorge","Voidomatis River Path","5.9","low","low","0","86","41","141","4.2","1","2024-11-11"
"PF90482197","35-44","Netherlands","low","family","island","authentic","easy","adventure","1","Autumn","Navagio Beach","Prespes","Prespes","Pyli to Daseri","2.3","medium","high","0","71","56","172","4.9","1","2025-11-05"
"PF69591198","55-64","Germany","low","family","coast","peaceful","moderate","weekend-getaway","1","Summer","Corfu Old Town","Poros Trails","Poros Trails","Lemon Forest Walk","4.6","low","low","0","98","39","172","4.1","1","2025-06-17"
"PF56255199","45-54","UK","high","couple","island","quiet","moderate","adventure","1","Autumn","Athens Center","Poros Trails","Poros Trails","Russian Bay Trail","4.1","medium","medium","1","89","45","209","4.1","1","2025-10-05"
"PF73113200","35-44","France","medium","family","island","peaceful","easy","adventure","1","Autumn","Santorini","Menalon Trail","Menalon Trail","Lagkadia Route","1.7","medium","medium","1","75","81","193","5","1","2024-11-20"
"PF96736201","45-54","Austria","medium","family","village","authentic","moderate","nature-immersion","1","Summer","Mykonos","Prespes","Prespes","Psarades Cape Trail","4","low","low","1","80","88","192","4.5","1","2025-06-24"
"PF27329202","18-24","UK","high","friends","village","wild","expert","adventure","1","Autumn","Oia","Tzoumerka","Menalon Trail","Stemnitsa to Dimitsana","7.8","low","high","1","85","46","194","4.4","1","2024-11-02"
"PF98940203","35-44","USA","low","family","forest","authentic","easy","adventure","1","Winter","Corfu Old Town","Apollo Trails","Apollo Trails","Neda Waterfalls Path","2.3","medium","high","0","97","40","112","4.5","1","2025-12-24"
"PF10716204","45-54","Netherlands","low","couple","coast","peaceful","moderate","adventure","1","Winter","Navagio Beach","Menalon Trail","Menalon Trail","Elati to Vytina","4.3","low","low","0","83","76","196","4.1","1","2025-12-12"
"PF64162205","35-44","USA","medium","family","village","authentic","easy","weekend-getaway","1","Autumn","Oia","Prespes","Prespes","Agios Achilleios Loop","2.8","low","low","1","75","42","94","4.4","1","2025-10-13"
"PF90481206","35-44","Italy","high","couple","island","peaceful","hard","slow-travel","1","Spring","Athens Center","Zagori / Vikos Gorge","Zagori / Vikos Gorge","Papigo Pools Route","5.7","medium","high","0","93","79","142","4.5","1","2026-04-18"
"PF88311207","18-24","Netherlands","high","solo","village","cinematic","moderate","weekend-getaway","1","Winter","Mykonos","Tzoumerka","Tzoumerka","Pramanta Refuge Trail","5.5","low","medium","1","77","30","80","3.9","0","2025-12-15"
"PF61792208","25-34","UK","high","couple","island","cinematic","expert","weekend-getaway","1","Spring","Navagio Beach","Zagori / Vikos Gorge","Zagori / Vikos Gorge","Papigo Pools Route","8.4","medium","medium","0","82","30","106","4","1","2026-04-03"
"PF19487209","35-44","UK","medium","couple","coast","authentic","expert","weekend-getaway","1","Autumn","Navagio Beach","Menalon Trail","Menalon Trail","Elati to Vytina","7.5","low","low","0","97","33","163","3.9","1","2025-11-27"
"PF38885210","35-44","UK","high","family","island","peaceful","easy","slow-travel","1","Spring","Meteora","Zagori / Vikos Gorge","Zagori / Vikos Gorge","Papigo Pools Route","2.9","medium","medium","1","76","64","86","4.9","1","2025-05-14"
"PF36170211","25-34","UK","medium","couple","village","cinematic","easy","weekend-getaway","1","Spring","Mykonos","Prespes","Tzoumerka","Matsouki Trail","3.8","low","low","0","71","91","135","4.5","1","2026-03-20"
"PF85303212","55-64","France","medium","couple","coast","authentic","easy","adventure","1","Spring","Corfu Old Town","Menalon Trail","Menalon Trail","Valtesiniko Trail","3","low","medium","0","97","52","157","5","1","2026-04-15"
"PF11103213","18-24","UK","medium","friends","coast","adventurous","hard","weekend-getaway","1","Autumn","Mykonos","Zagori / Vikos Gorge","Zagori / Vikos Gorge","Voidomatis River Path","6.1","low","medium","0","76","83","219","4.7","1","2025-11-09"
"PF46651214","35-44","USA","medium","friends","village","spiritual","moderate","weekend-getaway","1","Spring","Corfu Old Town","Zagori / Vikos Gorge","Prespes","Psarades Cape Trail","4.9","low","high","1","75","83","167","4","1","2026-04-14"
"PF51383215","45-54","UK","medium","couple","coast","peaceful","hard","adventure","1","Autumn","Santorini","Prespes","Prespes","Agios Achilleios Loop","6.3","low","medium","1","87","62","128","3.8","1","2025-10-26"
"PF89374216","25-34","USA","medium","couple","island","remote","expert","weekend-getaway","1","Autumn","Meteora","Tzoumerka","Tzoumerka","Matsouki Trail","7.3","medium","medium","0","90","48","82","4.6","1","2025-10-12"
"PF90256217","35-44","Greece","low","couple","coast","authentic","moderate","weekend-getaway","1","Autumn","Navagio Beach","Menalon Trail","Menalon Trail","Valtesiniko Trail","5.8","low","medium","1","93","87","145","4","1","2024-11-24"
"PF40753218","35-44","Austria","low","couple","island","authentic","easy","slow-travel","1","Summer","Athens Center","Menalon Trail","Menalon Trail","Lagkadia Route","2.3","medium","high","0","72","79","119","4.1","1","2025-08-18"
"PF26569219","18-24","Greece","high","couple","island","cinematic","expert","weekend-getaway","1","Winter","Corfu Old Town","Menalon Trail","Zagori / Vikos Gorge","Dragon Lake Hike","7.1","medium","low","0","89","88","201","4.7","1","2026-01-20"
"PF93824220","35-44","Switzerland","medium","couple","river","peaceful","hard","weekend-getaway","1","Autumn","Meteora","Pertouli Trails","Pertouli Trails","Koziakas Refuge Path","6.4","medium","low","0","70","92","233","4.4","1","2024-11-10"
"PF48393221","35-44","Netherlands","low","friends","coast","peaceful","easy","nature-immersion","1","Summer","Athens Center","Prespes","Prespes","Pyli to Daseri","2.3","low","medium","1","90","60","172","4.7","1","2025-08-06"
"PF79722222","45-54","France","low","couple","island","quiet","easy","nature-immersion","1","Winter","Oia","Prespes","Prespes","Agios Achilleios Loop","4.4","medium","high","0","75","43","112","4.1","1","2026-01-23"
"PF40514223","18-24","Germany","high","couple","mountain","cinematic","hard","nature-immersion","1","Summer","Meteora","Pertouli Trails","Pertouli Trails","Elati Forest Loop","7.8","high","high","0","87","90","86","4","1","2025-07-15"
"PF11653224","18-24","Netherlands","high","friends","coast","authentic","hard","slow-travel","1","Spring","Navagio Beach","Prespes","Prespes","Psarades Cape Trail","7.5","low","medium","0","80","50","201","4.7","1","2026-04-18"
"PF73075225","35-44","Germany","high","couple","coast","authentic","moderate","slow-travel","1","Autumn","Athens Center","Prespes","Prespes","Agios Achilleios Loop","3.5","low","high","1","88","90","216","4.5","1","2025-11-16"
"PF42600226","25-34","Germany","high","couple","coast","authentic","moderate","slow-travel","1","Spring","Navagio Beach","Zagori / Vikos Gorge","Zagori / Vikos Gorge","Beloi Viewpoint Trail","4.5","low","low","1","95","74","246","4.9","1","2025-05-17"
"PF59514227","25-34","Germany","high","friends","coast","wild","expert","weekend-getaway","1","Winter","Oia","Prespes","Prespes","Vrontero Cave Path","6.9","low","low","0","97","50","57","4.4","1","2026-02-04"
"PF44517228","35-44","France","medium","family","forest","quiet","easy","slow-travel","1","Winter","Meteora","Pertouli Trails","Pertouli Trails","Koziakas Refuge Path","3.1","medium","medium","0","94","49","196","4.1","1","2025-12-25"
"PF24478229","18-24","Italy","high","solo","forest","authentic","expert","slow-travel","1","Winter","Athens Center","Apollo Trails","Apollo Trails","Temple of Epicurius Apollo Walk","7.4","medium","low","1","78","36","133","4.1","1","2025-01-12"
"PF37359230","35-44","Austria","medium","family","village","quiet","moderate","weekend-getaway","1","Spring","Oia","Prespes","Prespes","Agios Achilleios Loop","5.1","low","low","0","72","68","59","4.9","1","2026-04-16"
"PF40279231","35-44","Germany","medium","family","village","peaceful","moderate","adventure","1","Winter","Oia","Prespes","Prespes","Vrontero Cave Path","5.6","low","medium","0","98","43","82","4.8","1","2025-12-17"
"PF96184232","25-34","Spain","medium","friends","village","adventurous","moderate","weekend-getaway","0","Winter","Corfu Old Town","Poros Trails","Poros Trails","Russian Bay Trail","5.2","low","high","0","82","62","132","5","1","2026-02-02"
"PF10025233","45-54","Sweden","medium","friends","island","peaceful","hard","weekend-getaway","1","Spring","Santorini","Zagori / Vikos Gorge","Zagori / Vikos Gorge","Papigo Pools Route","8.300000000000001","medium","low","1","87","49","64","3.8","0","2025-04-09"
"PF58114234","55-64","UK","low","couple","coast","quiet","easy","adventure","1","Autumn","Navagio Beach","Prespes","Prespes","Psarades Cape Trail","3.3","low","medium","1","71","78","60","4.7","1","2025-10-09"
"PF66925235","25-34","Switzerland","medium","friends","village","quiet","moderate","slow-travel","0","Winter","Navagio Beach","Zagori / Vikos Gorge","Zagori / Vikos Gorge","Papigo Pools Route","4.5","low","low","0","77","49","52","4.6","1","2025-12-08"
"PF88005236","35-44","Germany","medium","couple","island","peaceful","expert","weekend-getaway","1","Spring","Santorini","Menalon Trail","Menalon Trail","Nymfasia to Magouliana","7","medium","low","0","74","47","163","4.5","1","2026-03-15"
"PF84885237","25-34","USA","medium","solo","coast","remote","hard","nature-immersion","1","Autumn","Meteora","Zagori / Vikos Gorge","Zagori / Vikos Gorge","Dragon Lake Hike","6.5","low","medium","0","81","33","237","4.2","1","2025-10-25"
"PF67961238","35-44","France","medium","family","island","spiritual","easy","adventure","1","Autumn","Corfu Old Town","Menalon Trail","Menalon Trail","Stemnitsa to Dimitsana","4.1","medium","medium","0","70","73","217","4.8","1","2025-09-09"
"PF12981239","25-34","Netherlands","high","couple","coast","cinematic","expert","nature-immersion","1","Summer","Oia","Prespes","Prespes","Agios Achilleios Loop","8.199999999999999","low","low","0","71","62","83","3.9","1","2025-08-05"
"PF95820240","55-64","Germany","medium","family","island","peaceful","moderate","weekend-getaway","1","Winter","Corfu Old Town","Poros Trails","Tzoumerka","Matsouki Trail","5","medium","low","1","73","70","164","4.8","1","2025-01-30"
"PF75621241","65+","USA","low","family","gorge","peaceful","moderate","weekend-getaway","1","Winter","Meteora","Pertouli Trails","Pertouli Trails","Pertouli Meadows Trail","4.2","high","low","0","78","37","200","4.1","1","2025-12-02"
"PF13862242","55-64","Austria","low","couple","coast","quiet","easy","adventure","1","Spring","Santorini","Prespes","Prespes","Psarades Cape Trail","3.2","low","medium","0","79","72","154","4.5","1","2025-05-31"
"PF86156243","35-44","Netherlands","medium","family","island","quiet","moderate","adventure","1","Spring","Athens Center","Menalon Trail","Menalon Trail","Lagkadia Route","3.7","medium","low","0","93","45","87","4.2","1","2025-03-30"
"PF51771244","55-64","France","low","family","village","peaceful","moderate","weekend-getaway","1","Autumn","Mykonos","Prespes","Prespes","Agios Achilleios Loop","5.3","low","low","0","77","59","99","4.6","1","2025-11-03"
"PF72469245","18-24","Greece","high","solo","coast","adventurous","moderate","nature-immersion","0","Spring","Athens Center","Poros Trails","Poros Trails","Temple of Poseidon Path","6.3","low","medium","0","77","55","233","4","1","2025-05-01"
"PF67577246","55-64","France","low","couple","coast","quiet","easy","nature-immersion","0","Winter","Corfu Old Town","Prespes","Prespes","Vrontero Cave Path","3.1","low","medium","1","84","35","102","4.4","1","2025-12-11"
"PF15144247","35-44","USA","low","couple","gorge","peaceful","easy","nature-immersion","1","Winter","Meteora","Pertouli Trails","Pertouli Trails","Red Water Spring Path","3.6","high","high","0","84","87","63","4.7","1","2025-02-24"
"PF86735248","55-64","Italy","low","couple","coast","quiet","moderate","adventure","1","Winter","Athens Center","Poros Trails","Zagori / Vikos Gorge","Vikos Gorge Crossing","5.6","low","low","0","95","50","223","4.7","1","2025-02-02"
"PF68903249","35-44","Germany","medium","friends","village","quiet","moderate","adventure","1","Winter","Athens Center","Menalon Trail","Menalon Trail","Nymfasia to Magouliana","4","low","high","0","75","36","147","4.2","1","2026-01-31"
"PF33684250","18-24","Germany","high","solo","coast","cinematic","moderate","nature-immersion","1","Autumn","Athens Center","Menalon Trail","Menalon Trail","Lagkadia Route","4.2","low","low","0","85","88","144","4.3","1","2024-11-07"
"PF81741251","25-34","USA","medium","solo","coast","quiet","hard","slow-travel","1","Summer","Santorini","Zagori / Vikos Gorge","Zagori / Vikos Gorge","Voidomatis River Path","8.300000000000001","low","high","1","73","83","85","4","1","2025-08-19"
"PF87983252","35-44","USA","medium","couple","village","authentic","easy","slow-travel","1","Spring","Meteora","Zagori / Vikos Gorge","Zagori / Vikos Gorge","Dragon Lake Hike","2.4","low","high","1","73","65","124","4.4","1","2026-04-22"
"PF37400253","35-44","Germany","medium","friends","coast","quiet","hard","nature-immersion","1","Spring","Navagio Beach","Prespes","Prespes","Vrontero Cave Path","8.300000000000001","low","low","0","88","93","173","4.7","1","2026-03-25"
"PF33580254","55-64","UK","low","couple","coast","quiet","easy","nature-immersion","1","Summer","Navagio Beach","Prespes","Prespes","Pyli to Daseri","2.5","low","low","0","95","57","42","4.6","1","2025-08-16"
"PF18891255","25-34","USA","medium","friends","coast","adventurous","hard","weekend-getaway","1","Spring","Athens Center","Poros Trails","Menalon Trail","Elati to Vytina","8.300000000000001","low","medium","0","85","34","205","4","1","2025-04-09"
"PF80381256","55-64","France","medium","couple","island","authentic","hard","weekend-getaway","0","Autumn","Oia","Menalon Trail","Menalon Trail","Stemnitsa to Dimitsana","7.9","medium","medium","0","72","49","111","4.8","1","2025-10-14"
"PF92118257","35-44","Germany","low","couple","coast","peaceful","easy","weekend-getaway","0","Spring","Navagio Beach","Prespes","Prespes","Agios Achilleios Loop","2.6","low","medium","0","76","68","84","3.9","1","2025-05-26"
"PF68166258","35-44","Netherlands","low","couple","island","spiritual","easy","nature-immersion","1","Winter","Navagio Beach","Prespes","Prespes","Psarades Cape Trail","2.1","medium","high","0","84","79","222","4.8","1","2025-02-27"
"PF15771259","35-44","USA","medium","couple","coast","authentic","moderate","weekend-getaway","1","Spring","Santorini","Tzoumerka","Tzoumerka","Pramanta Refuge Trail","4.1","low","medium","0","87","70","237","4.3","1","2025-03-01"
"PF30643260","25-34","Germany","high","solo","island","remote","moderate","weekend-getaway","0","Winter","Oia","Prespes","Prespes","Psarades Cape Trail","4.4","medium","medium","1","87","86","52","4","1","2026-02-26"
"PF16613261","18-24","Germany","medium","friends","island","adventurous","expert","nature-immersion","1","Winter","Oia","Tzoumerka","Tzoumerka","Kouiassa Path","7.2","medium","high","0","96","89","64","4.3","1","2026-02-20"
"PF39333262","18-24","Switzerland","medium","solo","mountain","cinematic","expert","weekend-getaway","1","Spring","Corfu Old Town","Apollo Trails","Apollo Trails","Neda Waterfalls Path","5.8","high","medium","0","84","51","112","4.7","1","2025-03-11"
"PF63174263","45-54","Netherlands","medium","family","island","authentic","moderate","nature-immersion","1","Autumn","Athens Center","Menalon Trail","Menalon Trail","Lagkadia Route","4.7","medium","medium","0","76","85","240","5","1","2025-10-17"
"PF40953264","25-34","Italy","high","couple","coast","quiet","hard","slow-travel","1","Winter","Athens Center","Prespes","Prespes","Psarades Cape Trail","5.7","low","high","1","91","78","123","4.4","1","2025-01-02"
"PF28208265","55-64","Switzerland","low","couple","river","peaceful","easy","adventure","0","Autumn","Athens Center","Apollo Trails","Apollo Trails","Temple of Epicurius Apollo Walk","3.5","medium","medium","0","79","68","151","4.7","1","2025-10-19"
"PF86379266","18-24","Sweden","medium","solo","island","adventurous","hard","weekend-getaway","1","Autumn","Oia","Anafi","Anafi","Roukounas Beach Path","8.1","medium","high","0","83","80","200","4.2","1","2025-11-27"
"PF67041267","35-44","Italy","low","couple","island","peaceful","easy","weekend-getaway","1","Spring","Corfu Old Town","Apollo Trails","Prespes","Psarades Cape Trail","1.7","medium","high","0","74","92","208","4.3","1","2025-03-20"
"PF94180268","45-54","Switzerland","medium","friends","coast","quiet","moderate","adventure","1","Spring","Athens Center","Poros Trails","Poros Trails","Dana Lighthouse Route","4.1","low","low","0","70","93","227","4.1","1","2026-03-29"
"PF81587269","35-44","Germany","medium","couple","coast","authentic","easy","nature-immersion","1","Winter","Navagio Beach","Zagori / Vikos Gorge","Zagori / Vikos Gorge","Papigo Pools Route","3.1","low","low","1","72","61","160","4.6","1","2025-01-19"
"PF80673270","45-54","UK","medium","family","forest","authentic","moderate","nature-immersion","1","Autumn","Athens Center","Apollo Trails","Apollo Trails","Andritsaina Historic Route","6.4","medium","medium","0","79","51","49","4.6","1","2025-09-08"
"PF83886271","25-34","USA","high","friends","island","adventurous","expert","weekend-getaway","1","Summer","Corfu Old Town","Menalon Trail","Menalon Trail","Stemnitsa to Dimitsana","5.7","medium","medium","0","78","46","197","4.1","1","2025-07-22"
"PF24621272","35-44","Austria","medium","couple","gorge","quiet","easy","adventure","1","Winter","Meteora","Pertouli Trails","Pertouli Trails","Koziakas Refuge Path","4.4","high","low","0","96","49","166","4.7","1","2025-12-28"
"PF41188273","35-44","Italy","medium","friends","coast","quiet","hard","slow-travel","1","Spring","Corfu Old Town","Menalon Trail","Menalon Trail","Valtesiniko Trail","6.9","low","low","0","77","78","214","4.6","1","2026-03-01"
"PF79526274","55-64","Germany","low","solo","coast","authentic","moderate","slow-travel","1","Summer","Oia","Prespes","Prespes","Vrontero Cave Path","4.3","low","high","0","78","80","158","4.7","1","2025-07-06"
"PF87165275","45-54","USA","high","couple","village","quiet","hard","slow-travel","0","Winter","Corfu Old Town","Tzoumerka","Tzoumerka","Katarraktis Waterfalls","6.6","low","low","1","79","62","89","3.8","1","2024-12-29"
"PF96062276","55-64","UK","low","family","island","peaceful","easy","slow-travel","1","Summer","Mykonos","Prespes","Prespes","Psarades Cape Trail","2.3","medium","medium","0","91","39","203","4.3","1","2025-08-11"
"PF97500277","45-54","UK","low","family","island","authentic","moderate","nature-immersion","1","Winter","Athens Center","Menalon Trail","Menalon Trail","Nymfasia to Magouliana","3.7","medium","high","1","89","80","85","4.6","1","2025-02-20"
"PF66525278","25-34","USA","high","solo","island","authentic","expert","slow-travel","0","Autumn","Navagio Beach","Zagori / Vikos Gorge","Zagori / Vikos Gorge","Dragon Lake Hike","7.4","medium","high","1","91","79","108","4","1","2025-10-04"
"PF85319279","18-24","Italy","high","friends","island","quiet","expert","slow-travel","1","Autumn","Santorini","Zagori / Vikos Gorge","Zagori / Vikos Gorge","Dragon Lake Hike","7.1","medium","medium","0","80","68","142","3.9","1","2025-11-10"
"PF54572280","18-24","France","high","solo","village","remote","expert","slow-travel","1","Winter","Navagio Beach","Tzoumerka","Tzoumerka","Katarraktis Waterfalls","6.6","low","high","1","98","86","228","4","1","2024-12-07"
"PF87718281","25-34","France","high","friends","coast","remote","moderate","nature-immersion","1","Spring","Santorini","Zagori / Vikos Gorge","Zagori / Vikos Gorge","Vikos Gorge Crossing","4.1","low","low","1","91","88","213","4.8","1","2025-04-02"
"PF40537282","55-64","Germany","medium","couple","island","authentic","expert","slow-travel","1","Summer","Navagio Beach","Menalon Trail","Menalon Trail","Nymfasia to Magouliana","7.3","medium","low","1","72","43","69","4.4","1","2025-06-14"
"PF36560283","25-34","Greece","high","friends","island","wild","hard","adventure","1","Spring","Meteora","Zagori / Vikos Gorge","Zagori / Vikos Gorge","Voidomatis River Path","5.7","medium","medium","0","74","83","83","4.6","1","2025-04-18"
"PF86282284","18-24","Germany","high","couple","coast","peaceful","expert","slow-travel","1","Summer","Santorini","Zagori / Vikos Gorge","Prespes","Vrontero Cave Path","7.9","low","medium","1","92","46","92","4","1","2025-08-05"
"PF64005285","25-34","Germany","high","couple","island","quiet","moderate","slow-travel","1","Spring","Corfu Old Town","Tzoumerka","Tzoumerka","Pramanta Refuge Trail","6.5","medium","high","1","89","76","234","5","1","2026-04-04"
"PF92111286","35-44","UK","medium","family","coast","authentic","easy","nature-immersion","1","Spring","Athens Center","Prespes","Tzoumerka","Syrrako to Kalarrytes","2.8","low","medium","1","89","88","51","3.9","1","2025-04-30"
"PF13809287","35-44","Germany","medium","family","coast","quiet","easy","weekend-getaway","1","Winter","Athens Center","Prespes","Tzoumerka","Katarraktis Waterfalls","1.8","low","low","1","83","55","136","4.9","1","2025-01-15"
"PF73492288","18-24","France","high","solo","island","cinematic","hard","weekend-getaway","1","Winter","Mykonos","Prespes","Prespes","Vrontero Cave Path","5.9","medium","low","0","88","37","111","4","1","2026-02-20"
"PF32439289","45-54","UK","low","family","island","authentic","moderate","adventure","1","Summer","Oia","Prespes","Prespes","Pyli to Daseri","6","medium","medium","0","70","84","228","4.8","1","2025-07-12"
"PF85951290","25-34","Austria","high","couple","island","wild","hard","nature-immersion","1","Winter","Santorini","Tzoumerka","Tzoumerka","Kouiassa Path","7.1","medium","medium","1","95","42","155","4.4","1","2025-01-25"
"PF11628291","35-44","France","medium","couple","village","authentic","easy","slow-travel","1","Autumn","Navagio Beach","Zagori / Vikos Gorge","Zagori / Vikos Gorge","Voidomatis River Path","4.4","low","medium","1","94","47","220","4.3","1","2025-11-15"
"PF93021292","18-24","USA","high","friends","island","adventurous","expert","weekend-getaway","1","Autumn","Athens Center","Menalon Trail","Zagori / Vikos Gorge","Voidomatis River Path","5.7","medium","medium","0","93","37","171","4.9","1","2025-11-08"
"PF24544293","25-34","France","medium","friends","village","quiet","expert","slow-travel","1","Summer","Corfu Old Town","Prespes","Prespes","Agios Achilleios Loop","7.7","low","low","1","97","56","232","4.7","1","2025-06-19"
"PF45043294","35-44","France","medium","family","village","quiet","easy","slow-travel","0","Summer","Oia","Menalon Trail","Prespes","Vrontero Cave Path","2.1","low","medium","0","72","40","140","4.9","1","2025-08-23"
"PF20085295","18-24","UK","high","couple","coast","authentic","expert","slow-travel","1","Summer","Navagio Beach","Zagori / Vikos Gorge","Zagori / Vikos Gorge","Dragon Lake Hike","7.4","low","medium","0","76","38","45","4.8","1","2025-06-26"
"PF78107296","35-44","France","medium","couple","coast","authentic","moderate","nature-immersion","0","Winter","Athens Center","Poros Trails","Tzoumerka","Pramanta Refuge Trail","5","low","medium","1","94","36","77","4.2","1","2026-02-10"
"PF91085297","55-64","Italy","medium","family","coast","quiet","moderate","adventure","1","Autumn","Mykonos","Prespes","Zagori / Vikos Gorge","Beloi Viewpoint Trail","4.6","low","high","1","87","34","210","4.2","1","2025-10-19"
"PF68776298","35-44","Germany","high","family","village","authentic","moderate","nature-immersion","1","Spring","Corfu Old Town","Menalon Trail","Prespes","Agios Achilleios Loop","5.4","low","medium","1","85","67","233","5","1","2025-03-31"
"PF67947299","25-34","Germany","medium","friends","coast","authentic","easy","slow-travel","1","Summer","Athens Center","Menalon Trail","Menalon Trail","Stemnitsa to Dimitsana","3.3","low","high","0","88","58","240","4.9","1","2025-08-12"
"PF20956300","35-44","France","low","family","village","peaceful","moderate","adventure","1","Autumn","Athens Center","Prespes","Prespes","Agios Achilleios Loop","4.7","low","low","1","97","84","134","4.3","1","2024-11-13"
"PF56052301","25-34","France","medium","couple","village","adventurous","expert","nature-immersion","0","Spring","Corfu Old Town","Menalon Trail","Menalon Trail","Valtesiniko Trail","5.9","low","low","0","89","41","76","4","1","2026-03-02"
"PF78852302","65+","Germany","medium","couple","village","authentic","moderate","nature-immersion","1","Autumn","Navagio Beach","Tzoumerka","Tzoumerka","Matsouki Trail","4.1","low","medium","0","79","92","50","4.8","1","2025-09-06"
"PF49834303","35-44","Netherlands","medium","couple","coast","authentic","moderate","weekend-getaway","0","Spring","Navagio Beach","Zagori / Vikos Gorge","Zagori / Vikos Gorge","Papigo Pools Route","5","low","low","0","90","61","47","3.9","0","2026-03-20"
"PF18745304","35-44","France","medium","couple","island","peaceful","hard","nature-immersion","1","Spring","Navagio Beach","Tzoumerka","Tzoumerka","Kouiassa Path","6","medium","high","0","74","70","158","4.9","1","2025-03-19"
"PF16932305","25-34","France","medium","solo","village","quiet","hard","slow-travel","1","Autumn","Corfu Old Town","Menalon Trail","Menalon Trail","Elati to Vytina","8.1","low","low","0","95","68","109","4.6","1","2025-11-07"
"PF86027306","25-34","Germany","medium","couple","river","cinematic","moderate","nature-immersion","1","Winter","Meteora","Pertouli Trails","Pertouli Trails","Elati Forest Loop","5.9","medium","low","0","89","44","146","4.4","1","2025-01-18"
"PF27200307","55-64","France","low","family","island","quiet","easy","weekend-getaway","0","Spring","Mykonos","Prespes","Prespes","Agios Achilleios Loop","4.1","medium","high","0","92","59","118","4","1","2025-03-14"
"PF65680308","35-44","Netherlands","medium","family","island","authentic","moderate","slow-travel","1","Spring","Santorini","Prespes","Prespes","Pyli to Daseri","3.6","medium","medium","0","91","31","233","3.9","1","2025-05-30"
"PF36217309","25-34","France","high","couple","island","cinematic","expert","weekend-getaway","0","Spring","Meteora","Tzoumerka","Tzoumerka","Kouiassa Path","7.2","medium","high","1","96","31","175","4.1","1","2025-05-16"
"PF32514310","55-64","USA","low","couple","river","authentic","moderate","nature-immersion","1","Autumn","Meteora","Pertouli Trails","Pertouli Trails","Koziakas Refuge Path","6.4","medium","medium","0","76","95","98","4.3","1","2025-09-18"
"PF24459311","35-44","France","medium","family","village","authentic","moderate","slow-travel","0","Spring","Santorini","Prespes","Prespes","Vrontero Cave Path","4.2","low","medium","0","79","84","88","4.8","1","2026-03-03"
"PF58161312","25-34","Spain","medium","friends","island","authentic","hard","slow-travel","1","Winter","Athens Center","Poros Trails","Zagori / Vikos Gorge","Beloi Viewpoint Trail","8.4","medium","medium","0","76","81","71","4.1","1","2026-01-09"
"PF46505313","45-54","Netherlands","medium","friends","coast","peaceful","moderate","nature-immersion","1","Spring","Meteora","Zagori / Vikos Gorge","Tzoumerka","Kouiassa Path","5.8","low","high","0","73","62","165","4.4","1","2025-03-18"
"PF16927314","45-54","France","low","family","village","authentic","moderate","weekend-getaway","1","Autumn","Mykonos","Menalon Trail","Menalon Trail","Stemnitsa to Dimitsana","5.9","low","high","1","79","93","165","4.4","1","2025-10-18"
"PF80848315","35-44","Canada","medium","friends","island","authentic","moderate","nature-immersion","1","Autumn","Athens Center","Zagori / Vikos Gorge","Zagori / Vikos Gorge","Vikos Gorge Crossing","5.2","medium","medium","1","98","51","165","4.3","1","2025-09-16"
"PF73891316","45-54","USA","medium","family","coast","peaceful","moderate","nature-immersion","1","Autumn","Athens Center","Menalon Trail","Menalon Trail","Valtesiniko Trail","5.3","low","medium","0","89","75","236","5","1","2025-09-25"
"PF87393317","18-24","Greece","high","solo","island","adventurous","expert","weekend-getaway","1","Autumn","Athens Center","Menalon Trail","Tzoumerka","Syrrako to Kalarrytes","6.2","medium","high","1","90","69","191","3.9","1","2025-09-09"
"PF32253318","18-24","UK","high","friends","coast","adventurous","expert","nature-immersion","1","Spring","Meteora","Zagori / Vikos Gorge","Zagori / Vikos Gorge","Papigo Pools Route","6.7","low","low","1","73","92","65","4.6","1","2025-05-30"
"PF75898319","45-54","Italy","medium","friends","island","authentic","hard","adventure","1","Winter","Athens Center","Menalon Trail","Menalon Trail","Lagkadia Route","6.3","medium","medium","0","88","81","245","4.1","1","2025-02-03"
"PF85784320","18-24","UK","high","friends","coast","cinematic","hard","adventure","1","Spring","Meteora","Tzoumerka","Tzoumerka","Kouiassa Path","7.5","low","medium","0","76","83","142","4.1","1","2026-04-12"
"PF81770321","25-34","Germany","high","friends","village","remote","hard","adventure","1","Winter","Navagio Beach","Tzoumerka","Zagori / Vikos Gorge","Voidomatis River Path","8.300000000000001","low","low","0","90","37","173","4","1","2026-02-17"
"PF29722322","45-54","Netherlands","medium","friends","river","quiet","expert","slow-travel","1","Autumn","Corfu Old Town","Apollo Trails","Apollo Trails","Andritsaina Historic Route","6.2","medium","high","0","76","33","102","4.8","1","2025-09-14"
"PF83377323","65+","France","low","couple","village","authentic","moderate","slow-travel","0","Winter","Corfu Old Town","Prespes","Prespes","Agios Achilleios Loop","5.8","low","high","1","97","40","120","4.5","1","2025-01-05"
"PF63347324","55-64","Italy","low","family","village","authentic","moderate","adventure","1","Autumn","Mykonos","Menalon Trail","Menalon Trail","Stemnitsa to Dimitsana","5","low","high","1","77","45","237","4.8","1","2025-10-04"
"PF61111325","45-54","Netherlands","medium","couple","village","spiritual","hard","adventure","1","Summer","Meteora","Tzoumerka","Zagori / Vikos Gorge","Dragon Lake Hike","7.6","low","high","0","80","84","161","4.6","1","2025-08-12"
"PF28993326","25-34","Italy","medium","couple","coast","peaceful","expert","slow-travel","1","Winter","Navagio Beach","Tzoumerka","Tzoumerka","Pramanta Refuge Trail","6.4","low","low","0","81","45","176","4.8","1","2026-01-28"
"PF61508327","55-64","Austria","medium","solo","village","quiet","expert","weekend-getaway","1","Spring","Mykonos","Zagori / Vikos Gorge","Tzoumerka","Syrrako to Kalarrytes","7.9","low","medium","0","97","40","250","4.7","1","2026-03-19"
"PF64127328","55-64","UK","medium","couple","village","peaceful","hard","adventure","1","Winter","Navagio Beach","Tzoumerka","Tzoumerka","Kouiassa Path","6.9","low","high","1","94","36","204","4.6","1","2026-01-29"
"PF27837329","18-24","UK","high","solo","village","adventurous","expert","adventure","1","Spring","Oia","Zagori / Vikos Gorge","Zagori / Vikos Gorge","Beloi Viewpoint Trail","6.7","low","medium","0","84","91","228","4","1","2025-04-27"
"PF52936330","45-54","Germany","low","friends","island","peaceful","moderate","adventure","1","Winter","Santorini","Prespes","Prespes","Psarades Cape Trail","4.1","medium","low","0","97","51","52","4.3","1","2026-01-14"
"PF29562331","18-24","France","medium","couple","mountain","wild","moderate","nature-immersion","1","Autumn","Corfu Old Town","Apollo Trails","Apollo Trails","Temple of Epicurius Apollo Walk","5.6","high","high","0","97","64","113","4.7","1","2025-11-27"
"PF37080332","35-44","Spain","medium","family","island","authentic","moderate","nature-immersion","0","Autumn","Corfu Old Town","Poros Trails","Prespes","Pyli to Daseri","5.2","medium","low","1","84","40","42","4.4","1","2025-09-28"
"PF62108333","35-44","Italy","medium","couple","village","quiet","easy","slow-travel","1","Autumn","Santorini","Zagori / Vikos Gorge","Zagori / Vikos Gorge","Papigo Pools Route","1.5","low","low","1","89","78","117","5","1","2025-11-15"
"PF83342334","18-24","Germany","high","friends","coast","cinematic","moderate","nature-immersion","1","Winter","Mykonos","Prespes","Prespes","Psarades Cape Trail","4.4","low","high","1","85","65","231","4.2","1","2026-01-15"
"PF44500335","35-44","Netherlands","medium","friends","island","authentic","moderate","weekend-getaway","1","Winter","Navagio Beach","Menalon Trail","Menalon Trail","Valtesiniko Trail","3.9","medium","high","0","75","34","160","4.1","1","2026-02-22"
"PF74868336","18-24","France","high","friends","village","remote","expert","adventure","1","Autumn","Santorini","Tzoumerka","Tzoumerka","Pramanta Refuge Trail","8","low","low","1","98","57","189","5","1","2024-11-05"
"PF84814337","25-34","Austria","high","solo","village","cinematic","moderate","weekend-getaway","1","Spring","Santorini","Zagori / Vikos Gorge","Zagori / Vikos Gorge","Papigo Pools Route","6","low","high","1","70","40","157","4.8","1","2026-03-07"
"PF45300338","35-44","Germany","medium","friends","island","spiritual","easy","weekend-getaway","1","Winter","Navagio Beach","Zagori / Vikos Gorge","Zagori / Vikos Gorge","Beloi Viewpoint Trail","3.9","medium","medium","0","80","37","230","3.9","0","2025-02-03"
"PF33332339","25-34","Netherlands","medium","solo","island","adventurous","hard","nature-immersion","1","Autumn","Corfu Old Town","Poros Trails","Poros Trails","Lemon Forest Walk","7","medium","medium","0","93","69","215","4.5","1","2025-11-03"
"PF58163340","35-44","France","medium","family","village","quiet","moderate","nature-immersion","0","Spring","Santorini","Menalon Trail","Menalon Trail","Valtesiniko Trail","3.8","low","low","0","80","89","213","4.1","1","2025-04-08"
"PF79111341","35-44","USA","medium","friends","island","authentic","expert","nature-immersion","1","Spring","Meteora","Zagori / Vikos Gorge","Zagori / Vikos Gorge","Papigo Pools Route","6.4","medium","high","1","87","39","51","4.4","1","2026-04-07"
"PF22384342","35-44","Italy","medium","family","island","authentic","easy","slow-travel","1","Winter","Navagio Beach","Prespes","Prespes","Pyli to Daseri","2.7","medium","low","0","79","70","190","4.7","1","2026-02-04"
"PF44743343","25-34","Austria","medium","solo","forest","wild","easy","weekend-getaway","1","Spring","Corfu Old Town","Apollo Trails","Apollo Trails","Neda Waterfalls Path","1.5","medium","low","0","85","88","217","4.3","1","2026-03-14"
"PF90837344","25-34","Italy","medium","friends","island","remote","moderate","adventure","1","Spring","Mykonos","Zagori / Vikos Gorge","Zagori / Vikos Gorge","Beloi Viewpoint Trail","4.9","medium","high","1","90","60","151","4.8","1","2025-05-15"
"PF70742345","18-24","France","high","couple","coast","cinematic","expert","nature-immersion","1","Winter","Athens Center","Tzoumerka","Tzoumerka","Pramanta Refuge Trail","8","low","medium","0","71","72","42","3.9","0","2025-12-31"
"PF85846346","35-44","USA","medium","family","coast","authentic","easy","nature-immersion","1","Autumn","Mykonos","Menalon Trail","Menalon Trail","Lagkadia Route","2.3","low","low","0","83","90","69","4.4","1","2025-10-22"
"PF67177347","18-24","UK","medium","solo","island","cinematic","hard","adventure","1","Spring","Oia","Zagori / Vikos Gorge","Zagori / Vikos Gorge","Dragon Lake Hike","7.7","medium","medium","0","83","76","243","4.4","1","2025-04-15"
"PF47022348","35-44","Germany","low","couple","village","peaceful","easy","nature-immersion","1","Spring","Santorini","Prespes","Prespes","Psarades Cape Trail","4.5","low","medium","0","98","63","131","4.6","1","2025-04-28"
"PF75991349","18-24","Germany","high","solo","village","adventurous","hard","adventure","0","Winter","Athens Center","Tzoumerka","Tzoumerka","Katarraktis Waterfalls","8.199999999999999","low","low","1","97","95","194","4.6","1","2024-12-22"
